km_marker,km,lat,lon,date,health_score,nearest_station
KM_0,0,13.0827,80.2707,2026-06-03,91.9,Chennai Central
KM_0,0,13.0827,80.2707,2026-06-04,89.8,Chennai Central
KM_0,0,13.0827,80.2707,2026-06-05,90.1,Chennai Central
KM_0,0,13.0827,80.2707,2026-06-06,92.1,Chennai Central
KM_0,0,13.0827,80.2707,2026-06-07,88.4,Chennai Central
KM_0,0,13.0827,80.2707,2026-06-08,87.4,Chennai Central
KM_0,0,13.0827,80.2707,2026-06-09,87.8,Chennai Central
KM_10,10,13.11616,80.20656000000001,2026-06-03,77.6,Chennai Central
KM_10,10,13.11616,80.20656000000001,2026-06-04,73.6,Chennai Central
KM_10,10,13.11616,80.20656000000001,2026-06-05,76.5,Chennai Central
KM_10,10,13.11616,80.20656000000001,2026-06-06,72.9,Chennai Central
KM_10,10,13.11616,80.20656000000001,2026-06-07,72.3,Chennai Central
KM_10,10,13.11616,80.20656000000001,2026-06-08,74.2,Chennai Central
KM_10,10,13.11616,80.20656000000001,2026-06-09,76.9,Chennai Central
KM_20,20,13.14962,80.14242,2026-06-03,97.1,Chennai Central
KM_20,20,13.14962,80.14242,2026-06-04,97.6,Chennai Central
KM_20,20,13.14962,80.14242,2026-06-05,100.0,Chennai Central
KM_20,20,13.14962,80.14242,2026-06-06,100.0,Chennai Central
KM_20,20,13.14962,80.14242,2026-06-07,96.8,Chennai Central
KM_20,20,13.14962,80.14242,2026-06-08,95.6,Chennai Central
KM_20,20,13.14962,80.14242,2026-06-09,99.3,Chennai Central
KM_30,30,13.18308,80.07828,2026-06-03,92.4,Chennai Central
KM_30,30,13.18308,80.07828,2026-06-04,89.4,Chennai Central
KM_30,30,13.18308,80.07828,2026-06-05,87.2,Chennai Central
KM_30,30,13.18308,80.07828,2026-06-06,92.7,Chennai Central
KM_30,30,13.18308,80.07828,2026-06-07,91.9,Chennai Central
KM_30,30,13.18308,80.07828,2026-06-08,90.2,Chennai Central
KM_30,30,13.18308,80.07828,2026-06-09,88.4,Chennai Central
KM_40,40,13.21654,80.01414,2026-06-03,97.5,Chennai Central
KM_40,40,13.21654,80.01414,2026-06-04,96.7,Chennai Central
KM_40,40,13.21654,80.01414,2026-06-05,95.2,Chennai Central
KM_40,40,13.21654,80.01414,2026-06-06,93.9,Chennai Central
KM_40,40,13.21654,80.01414,2026-06-07,93.3,Chennai Central
KM_40,40,13.21654,80.01414,2026-06-08,94.5,Chennai Central
KM_40,40,13.21654,80.01414,2026-06-09,97.1,Chennai Central
KM_50,50,13.25,79.95,2026-06-03,76.2,Arakkonam
KM_50,50,13.25,79.95,2026-06-04,76.9,Arakkonam
KM_50,50,13.25,79.95,2026-06-05,80.4,Arakkonam
KM_50,50,13.25,79.95,2026-06-06,80.0,Arakkonam
KM_50,50,13.25,79.95,2026-06-07,76.6,Arakkonam
KM_50,50,13.25,79.95,2026-06-08,81.3,Arakkonam
KM_50,50,13.25,79.95,2026-06-09,79.9,Arakkonam
KM_60,60,13.3020875,79.89375,2026-06-03,80.9,Arakkonam
KM_60,60,13.3020875,79.89375,2026-06-04,77.8,Arakkonam
KM_60,60,13.3020875,79.89375,2026-06-05,77.9,Arakkonam
KM_60,60,13.3020875,79.89375,2026-06-06,81.9,Arakkonam
KM_60,60,13.3020875,79.89375,2026-06-07,78.9,Arakkonam
KM_60,60,13.3020875,79.89375,2026-06-08,82.1,Arakkonam
KM_60,60,13.3020875,79.89375,2026-06-09,77.2,Arakkonam
KM_70,70,13.354175,79.8375,2026-06-03,95.7,Arakkonam
KM_70,70,13.354175,79.8375,2026-06-04,92.7,Arakkonam
KM_70,70,13.354175,79.8375,2026-06-05,90.5,Arakkonam
KM_70,70,13.354175,79.8375,2026-06-06,91.0,Arakkonam
KM_70,70,13.354175,79.8375,2026-06-07,95.7,Arakkonam
KM_70,70,13.354175,79.8375,2026-06-08,95.0,Arakkonam
KM_70,70,13.354175,79.8375,2026-06-09,90.9,Arakkonam
KM_80,80,13.4062625,79.78125,2026-06-03,74.5,Arakkonam
KM_80,80,13.4062625,79.78125,2026-06-04,74.8,Arakkonam
KM_80,80,13.4062625,79.78125,2026-06-05,78.1,Arakkonam
KM_80,80,13.4062625,79.78125,2026-06-06,79.7,Arakkonam
KM_80,80,13.4062625,79.78125,2026-06-07,76.3,Arakkonam
KM_80,80,13.4062625,79.78125,2026-06-08,78.2,Arakkonam
KM_80,80,13.4062625,79.78125,2026-06-09,75.7,Arakkonam
KM_90,90,13.45835,79.725,2026-06-03,91.0,Arakkonam
KM_90,90,13.45835,79.725,2026-06-04,89.9,Arakkonam
KM_90,90,13.45835,79.725,2026-06-05,90.9,Arakkonam
KM_90,90,13.45835,79.725,2026-06-06,91.6,Arakkonam
KM_90,90,13.45835,79.725,2026-06-07,89.1,Arakkonam
KM_90,90,13.45835,79.725,2026-06-08,90.5,Arakkonam
KM_90,90,13.45835,79.725,2026-06-09,93.3,Arakkonam
KM_100,100,13.5104375,79.66875,2026-06-03,88.0,Arakkonam
KM_100,100,13.5104375,79.66875,2026-06-04,88.1,Arakkonam
KM_100,100,13.5104375,79.66875,2026-06-05,86.1,Arakkonam
KM_100,100,13.5104375,79.66875,2026-06-06,87.9,Arakkonam
KM_100,100,13.5104375,79.66875,2026-06-07,86.1,Arakkonam
KM_100,100,13.5104375,79.66875,2026-06-08,89.6,Arakkonam
KM_100,100,13.5104375,79.66875,2026-06-09,87.9,Arakkonam
KM_110,110,13.562525,79.6125,2026-06-03,91.7,Arakkonam
KM_110,110,13.562525,79.6125,2026-06-04,95.9,Arakkonam
KM_110,110,13.562525,79.6125,2026-06-05,91.8,Arakkonam
KM_110,110,13.562525,79.6125,2026-06-06,93.9,Arakkonam
KM_110,110,13.562525,79.6125,2026-06-07,92.5,Arakkonam
KM_110,110,13.562525,79.6125,2026-06-08,95.4,Arakkonam
KM_110,110,13.562525,79.6125,2026-06-09,95.3,Arakkonam
KM_120,120,13.6146125,79.55625,2026-06-03,98.9,Arakkonam
KM_120,120,13.6146125,79.55625,2026-06-04,97.1,Arakkonam
KM_120,120,13.6146125,79.55625,2026-06-05,100.0,Arakkonam
KM_120,120,13.6146125,79.55625,2026-06-06,98.0,Arakkonam
KM_120,120,13.6146125,79.55625,2026-06-07,95.6,Arakkonam
KM_120,120,13.6146125,79.55625,2026-06-08,97.1,Arakkonam
KM_120,120,13.6146125,79.55625,2026-06-09,95.5,Arakkonam
KM_130,130,13.6667,79.5,2026-06-03,76.0,Katpadi
KM_130,130,13.6667,79.5,2026-06-04,69.8,Katpadi
KM_130,130,13.6667,79.5,2026-06-05,61.1,Katpadi
KM_130,130,13.6667,79.5,2026-06-06,53.8,Katpadi
KM_130,130,13.6667,79.5,2026-06-07,52.8,Katpadi
KM_130,130,13.6667,79.5,2026-06-08,55.7,Katpadi
KM_130,130,13.6667,79.5,2026-06-09,42.9,Katpadi
KM_140,140,13.7292,79.4166625,2026-06-03,73.0,Katpadi
KM_140,140,13.7292,79.4166625,2026-06-04,71.8,Katpadi
KM_140,140,13.7292,79.4166625,2026-06-05,70.6,Katpadi
KM_140,140,13.7292,79.4166625,2026-06-06,72.9,Katpadi
KM_140,140,13.7292,79.4166625,2026-06-07,75.2,Katpadi
KM_140,140,13.7292,79.4166625,2026-06-08,74.4,Katpadi
KM_140,140,13.7292,79.4166625,2026-06-09,72.7,Katpadi
KM_150,150,13.7917,79.333325,2026-06-03,71.0,Katpadi
KM_150,150,13.7917,79.333325,2026-06-04,64.6,Katpadi
KM_150,150,13.7917,79.333325,2026-06-05,56.7,Katpadi
KM_150,150,13.7917,79.333325,2026-06-06,55.8,Katpadi
KM_150,150,13.7917,79.333325,2026-06-07,49.9,Katpadi
KM_150,150,13.7917,79.333325,2026-06-08,32.1,Katpadi
KM_150,150,13.7917,79.333325,2026-06-09,21.3,Katpadi
KM_160,160,13.8542,79.2499875,2026-06-03,84.3,Katpadi
KM_160,160,13.8542,79.2499875,2026-06-04,83.9,Katpadi
KM_160,160,13.8542,79.2499875,2026-06-05,83.4,Katpadi
KM_160,160,13.8542,79.2499875,2026-06-06,85.6,Katpadi
KM_160,160,13.8542,79.2499875,2026-06-07,82.4,Katpadi
KM_160,160,13.8542,79.2499875,2026-06-08,85.6,Katpadi
KM_160,160,13.8542,79.2499875,2026-06-09,84.2,Katpadi
KM_170,170,13.9167,79.16665,2026-06-03,88.1,Katpadi
KM_170,170,13.9167,79.16665,2026-06-04,89.5,Katpadi
KM_170,170,13.9167,79.16665,2026-06-05,90.4,Katpadi
KM_170,170,13.9167,79.16665,2026-06-06,87.7,Katpadi
KM_170,170,13.9167,79.16665,2026-06-07,91.0,Katpadi
KM_170,170,13.9167,79.16665,2026-06-08,89.8,Katpadi
KM_170,170,13.9167,79.16665,2026-06-09,86.6,Katpadi
KM_180,180,13.9792,79.08331249999999,2026-06-03,67.3,Katpadi
KM_180,180,13.9792,79.08331249999999,2026-06-04,70.1,Katpadi
KM_180,180,13.9792,79.08331249999999,2026-06-05,70.5,Katpadi
KM_180,180,13.9792,79.08331249999999,2026-06-06,71.2,Katpadi
KM_180,180,13.9792,79.08331249999999,2026-06-07,67.1,Katpadi
KM_180,180,13.9792,79.08331249999999,2026-06-08,72.9,Katpadi
KM_180,180,13.9792,79.08331249999999,2026-06-09,68.4,Katpadi
KM_190,190,14.0417,78.99997499999999,2026-06-03,89.3,Katpadi
KM_190,190,14.0417,78.99997499999999,2026-06-04,89.3,Katpadi
KM_190,190,14.0417,78.99997499999999,2026-06-05,90.4,Katpadi
KM_190,190,14.0417,78.99997499999999,2026-06-06,90.3,Katpadi
KM_190,190,14.0417,78.99997499999999,2026-06-07,88.3,Katpadi
KM_190,190,14.0417,78.99997499999999,2026-06-08,93.8,Katpadi
KM_190,190,14.0417,78.99997499999999,2026-06-09,88.1,Katpadi
KM_200,200,14.1042,78.9166375,2026-06-03,82.4,Katpadi
KM_200,200,14.1042,78.9166375,2026-06-04,82.6,Katpadi
KM_200,200,14.1042,78.9166375,2026-06-05,83.3,Katpadi
KM_200,200,14.1042,78.9166375,2026-06-06,82.7,Katpadi
KM_200,200,14.1042,78.9166375,2026-06-07,82.4,Katpadi
KM_200,200,14.1042,78.9166375,2026-06-08,79.6,Katpadi
KM_200,200,14.1042,78.9166375,2026-06-09,82.4,Katpadi
KM_210,210,14.1667,78.8333,2026-06-03,80.7,Renigunta
KM_210,210,14.1667,78.8333,2026-06-04,81.9,Renigunta
KM_210,210,14.1667,78.8333,2026-06-05,78.3,Renigunta
KM_210,210,14.1667,78.8333,2026-06-06,81.9,Renigunta
KM_210,210,14.1667,78.8333,2026-06-07,79.5,Renigunta
KM_210,210,14.1667,78.8333,2026-06-08,83.5,Renigunta
KM_210,210,14.1667,78.8333,2026-06-09,78.3,Renigunta
KM_220,220,14.19429,78.76473,2026-06-03,91.3,Renigunta
KM_220,220,14.19429,78.76473,2026-06-04,88.5,Renigunta
KM_220,220,14.19429,78.76473,2026-06-05,87.8,Renigunta
KM_220,220,14.19429,78.76473,2026-06-06,90.1,Renigunta
KM_220,220,14.19429,78.76473,2026-06-07,90.1,Renigunta
KM_220,220,14.19429,78.76473,2026-06-08,90.7,Renigunta
KM_220,220,14.19429,78.76473,2026-06-09,88.9,Renigunta
KM_230,230,14.22188,78.69615999999999,2026-06-03,76.4,Renigunta
KM_230,230,14.22188,78.69615999999999,2026-06-04,79.8,Renigunta
KM_230,230,14.22188,78.69615999999999,2026-06-05,81.4,Renigunta
KM_230,230,14.22188,78.69615999999999,2026-06-06,79.5,Renigunta
KM_230,230,14.22188,78.69615999999999,2026-06-07,80.0,Renigunta
KM_230,230,14.22188,78.69615999999999,2026-06-08,77.1,Renigunta
KM_230,230,14.22188,78.69615999999999,2026-06-09,78.2,Renigunta
KM_240,240,14.24947,78.62759,2026-06-03,98.2,Renigunta
KM_240,240,14.24947,78.62759,2026-06-04,95.2,Renigunta
KM_240,240,14.24947,78.62759,2026-06-05,94.3,Renigunta
KM_240,240,14.24947,78.62759,2026-06-06,98.0,Renigunta
KM_240,240,14.24947,78.62759,2026-06-07,94.4,Renigunta
KM_240,240,14.24947,78.62759,2026-06-08,98.5,Renigunta
KM_240,240,14.24947,78.62759,2026-06-09,99.3,Renigunta
KM_250,250,14.27706,78.55901999999999,2026-06-03,85.8,Renigunta
KM_250,250,14.27706,78.55901999999999,2026-06-04,84.2,Renigunta
KM_250,250,14.27706,78.55901999999999,2026-06-05,89.3,Renigunta
KM_250,250,14.27706,78.55901999999999,2026-06-06,88.0,Renigunta
KM_250,250,14.27706,78.55901999999999,2026-06-07,89.0,Renigunta
KM_250,250,14.27706,78.55901999999999,2026-06-08,89.8,Renigunta
KM_250,250,14.27706,78.55901999999999,2026-06-09,84.7,Renigunta
KM_260,260,14.30465,78.49045,2026-06-03,86.1,Renigunta
KM_260,260,14.30465,78.49045,2026-06-04,88.2,Renigunta
KM_260,260,14.30465,78.49045,2026-06-05,85.1,Renigunta
KM_260,260,14.30465,78.49045,2026-06-06,89.0,Renigunta
KM_260,260,14.30465,78.49045,2026-06-07,85.6,Renigunta
KM_260,260,14.30465,78.49045,2026-06-08,88.7,Renigunta
KM_260,260,14.30465,78.49045,2026-06-09,86.1,Renigunta
KM_270,270,14.33224,78.42188,2026-06-03,95.0,Renigunta
KM_270,270,14.33224,78.42188,2026-06-04,88.1,Renigunta
KM_270,270,14.33224,78.42188,2026-06-05,79.5,Renigunta
KM_270,270,14.33224,78.42188,2026-06-06,74.2,Renigunta
KM_270,270,14.33224,78.42188,2026-06-07,64.7,Renigunta
KM_270,270,14.33224,78.42188,2026-06-08,65.4,Renigunta
KM_270,270,14.33224,78.42188,2026-06-09,46.1,Renigunta
KM_280,280,14.35983,78.35331,2026-06-03,92.8,Renigunta
KM_280,280,14.35983,78.35331,2026-06-04,94.6,Renigunta
KM_280,280,14.35983,78.35331,2026-06-05,95.1,Renigunta
KM_280,280,14.35983,78.35331,2026-06-06,93.1,Renigunta
KM_280,280,14.35983,78.35331,2026-06-07,94.8,Renigunta
KM_280,280,14.35983,78.35331,2026-06-08,97.0,Renigunta
KM_280,280,14.35983,78.35331,2026-06-09,95.6,Renigunta
KM_290,290,14.38742,78.28474,2026-06-03,85.3,Renigunta
KM_290,290,14.38742,78.28474,2026-06-04,84.5,Renigunta
KM_290,290,14.38742,78.28474,2026-06-05,86.9,Renigunta
KM_290,290,14.38742,78.28474,2026-06-06,83.4,Renigunta
KM_290,290,14.38742,78.28474,2026-06-07,82.2,Renigunta
KM_290,290,14.38742,78.28474,2026-06-08,85.1,Renigunta
KM_290,290,14.38742,78.28474,2026-06-09,82.5,Renigunta
KM_300,300,14.41501,78.21616999999999,2026-06-03,77.4,Renigunta
KM_300,300,14.41501,78.21616999999999,2026-06-04,78.2,Renigunta
KM_300,300,14.41501,78.21616999999999,2026-06-05,75.5,Renigunta
KM_300,300,14.41501,78.21616999999999,2026-06-06,77.6,Renigunta
KM_300,300,14.41501,78.21616999999999,2026-06-07,76.6,Renigunta
KM_300,300,14.41501,78.21616999999999,2026-06-08,79.7,Renigunta
KM_300,300,14.41501,78.21616999999999,2026-06-09,80.9,Renigunta
KM_310,310,14.4426,78.1476,2026-06-03,87.1,Cuddapah
KM_310,310,14.4426,78.1476,2026-06-04,84.6,Cuddapah
KM_310,310,14.4426,78.1476,2026-06-05,85.5,Cuddapah
KM_310,310,14.4426,78.1476,2026-06-06,84.9,Cuddapah
KM_310,310,14.4426,78.1476,2026-06-07,83.6,Cuddapah
KM_310,310,14.4426,78.1476,2026-06-08,86.1,Cuddapah
KM_310,310,14.4426,78.1476,2026-06-09,85.8,Cuddapah
KM_320,320,14.508427272727271,78.07357272727272,2026-06-03,74.0,Cuddapah
KM_320,320,14.508427272727271,78.07357272727272,2026-06-04,65.6,Cuddapah
KM_320,320,14.508427272727271,78.07357272727272,2026-06-05,60.3,Cuddapah
KM_320,320,14.508427272727271,78.07357272727272,2026-06-06,55.7,Cuddapah
KM_320,320,14.508427272727271,78.07357272727272,2026-06-07,61.4,Cuddapah
KM_320,320,14.508427272727271,78.07357272727272,2026-06-08,43.3,Cuddapah
KM_320,320,14.508427272727271,78.07357272727272,2026-06-09,37.7,Cuddapah
KM_330,330,14.574254545454544,77.99954545454545,2026-06-03,95.8,Cuddapah
KM_330,330,14.574254545454544,77.99954545454545,2026-06-04,95.2,Cuddapah
KM_330,330,14.574254545454544,77.99954545454545,2026-06-05,98.7,Cuddapah
KM_330,330,14.574254545454544,77.99954545454545,2026-06-06,93.8,Cuddapah
KM_330,330,14.574254545454544,77.99954545454545,2026-06-07,95.9,Cuddapah
KM_330,330,14.574254545454544,77.99954545454545,2026-06-08,97.7,Cuddapah
KM_330,330,14.574254545454544,77.99954545454545,2026-06-09,96.2,Cuddapah
KM_340,340,14.64008181818182,77.92551818181818,2026-06-03,94.9,Cuddapah
KM_340,340,14.64008181818182,77.92551818181818,2026-06-04,93.8,Cuddapah
KM_340,340,14.64008181818182,77.92551818181818,2026-06-05,91.7,Cuddapah
KM_340,340,14.64008181818182,77.92551818181818,2026-06-06,90.1,Cuddapah
KM_340,340,14.64008181818182,77.92551818181818,2026-06-07,92.1,Cuddapah
KM_340,340,14.64008181818182,77.92551818181818,2026-06-08,89.1,Cuddapah
KM_340,340,14.64008181818182,77.92551818181818,2026-06-09,93.4,Cuddapah
KM_350,350,14.705909090909092,77.8514909090909,2026-06-03,87.0,Cuddapah
KM_350,350,14.705909090909092,77.8514909090909,2026-06-04,78.7,Cuddapah
KM_350,350,14.705909090909092,77.8514909090909,2026-06-05,72.2,Cuddapah
KM_350,350,14.705909090909092,77.8514909090909,2026-06-06,65.4,Cuddapah
KM_350,350,14.705909090909092,77.8514909090909,2026-06-07,72.2,Cuddapah
KM_350,350,14.705909090909092,77.8514909090909,2026-06-08,70.6,Cuddapah
KM_350,350,14.705909090909092,77.8514909090909,2026-06-09,37.1,Cuddapah
KM_360,360,14.771736363636364,77.77746363636363,2026-06-03,95.4,Cuddapah
KM_360,360,14.771736363636364,77.77746363636363,2026-06-04,93.4,Cuddapah
KM_360,360,14.771736363636364,77.77746363636363,2026-06-05,92.2,Cuddapah
KM_360,360,14.771736363636364,77.77746363636363,2026-06-06,91.5,Cuddapah
KM_360,360,14.771736363636364,77.77746363636363,2026-06-07,92.2,Cuddapah
KM_360,360,14.771736363636364,77.77746363636363,2026-06-08,93.7,Cuddapah
KM_360,360,14.771736363636364,77.77746363636363,2026-06-09,93.4,Cuddapah
KM_370,370,14.837563636363637,77.70343636363636,2026-06-03,95.8,Cuddapah
KM_370,370,14.837563636363637,77.70343636363636,2026-06-04,95.4,Cuddapah
KM_370,370,14.837563636363637,77.70343636363636,2026-06-05,95.7,Cuddapah
KM_370,370,14.837563636363637,77.70343636363636,2026-06-06,99.4,Cuddapah
KM_370,370,14.837563636363637,77.70343636363636,2026-06-07,98.1,Cuddapah
KM_370,370,14.837563636363637,77.70343636363636,2026-06-08,97.5,Cuddapah
KM_370,370,14.837563636363637,77.70343636363636,2026-06-09,98.4,Cuddapah
KM_380,380,14.90339090909091,77.62940909090909,2026-06-03,73.4,Cuddapah
KM_380,380,14.90339090909091,77.62940909090909,2026-06-04,75.4,Cuddapah
KM_380,380,14.90339090909091,77.62940909090909,2026-06-05,74.2,Cuddapah
KM_380,380,14.90339090909091,77.62940909090909,2026-06-06,76.6,Cuddapah
KM_380,380,14.90339090909091,77.62940909090909,2026-06-07,74.9,Cuddapah
KM_380,380,14.90339090909091,77.62940909090909,2026-06-08,74.2,Cuddapah
KM_380,380,14.90339090909091,77.62940909090909,2026-06-09,71.6,Cuddapah
KM_390,390,14.969218181818182,77.55538181818181,2026-06-03,88.5,Cuddapah
KM_390,390,14.969218181818182,77.55538181818181,2026-06-04,93.5,Cuddapah
KM_390,390,14.969218181818182,77.55538181818181,2026-06-05,88.8,Cuddapah
KM_390,390,14.969218181818182,77.55538181818181,2026-06-06,89.0,Cuddapah
KM_390,390,14.969218181818182,77.55538181818181,2026-06-07,89.9,Cuddapah
KM_390,390,14.969218181818182,77.55538181818181,2026-06-08,92.6,Cuddapah
KM_390,390,14.969218181818182,77.55538181818181,2026-06-09,88.9,Cuddapah
KM_400,400,15.035045454545456,77.48135454545454,2026-06-03,72.9,Cuddapah
KM_400,400,15.035045454545456,77.48135454545454,2026-06-04,73.5,Cuddapah
KM_400,400,15.035045454545456,77.48135454545454,2026-06-05,72.2,Cuddapah
KM_400,400,15.035045454545456,77.48135454545454,2026-06-06,76.1,Cuddapah
KM_400,400,15.035045454545456,77.48135454545454,2026-06-07,75.7,Cuddapah
KM_400,400,15.035045454545456,77.48135454545454,2026-06-08,76.9,Cuddapah
KM_400,400,15.035045454545456,77.48135454545454,2026-06-09,77.2,Cuddapah
KM_410,410,15.100872727272728,77.40732727272727,2026-06-03,84.5,Cuddapah
KM_410,410,15.100872727272728,77.40732727272727,2026-06-04,89.5,Cuddapah
KM_410,410,15.100872727272728,77.40732727272727,2026-06-05,87.3,Cuddapah
KM_410,410,15.100872727272728,77.40732727272727,2026-06-06,85.1,Cuddapah
KM_410,410,15.100872727272728,77.40732727272727,2026-06-07,84.8,Cuddapah
KM_410,410,15.100872727272728,77.40732727272727,2026-06-08,84.9,Cuddapah
KM_410,410,15.100872727272728,77.40732727272727,2026-06-09,88.2,Cuddapah
KM_420,420,15.1667,77.3333,2026-06-03,93.0,Guntakal
KM_420,420,15.1667,77.3333,2026-06-04,95.2,Guntakal
KM_420,420,15.1667,77.3333,2026-06-05,91.4,Guntakal
KM_420,420,15.1667,77.3333,2026-06-06,91.8,Guntakal
KM_420,420,15.1667,77.3333,2026-06-07,90.2,Guntakal
KM_420,420,15.1667,77.3333,2026-06-08,94.1,Guntakal
KM_420,420,15.1667,77.3333,2026-06-09,91.2,Guntakal
KM_430,430,15.226827272727274,77.27319999999999,2026-06-03,92.3,Guntakal
KM_430,430,15.226827272727274,77.27319999999999,2026-06-04,97.2,Guntakal
KM_430,430,15.226827272727274,77.27319999999999,2026-06-05,97.8,Guntakal
KM_430,430,15.226827272727274,77.27319999999999,2026-06-06,92.2,Guntakal
KM_430,430,15.226827272727274,77.27319999999999,2026-06-07,92.5,Guntakal
KM_430,430,15.226827272727274,77.27319999999999,2026-06-08,95.1,Guntakal
KM_430,430,15.226827272727274,77.27319999999999,2026-06-09,97.4,Guntakal
KM_440,440,15.286954545454543,77.2131,2026-06-03,90.0,Guntakal
KM_440,440,15.286954545454543,77.2131,2026-06-04,82.3,Guntakal
KM_440,440,15.286954545454543,77.2131,2026-06-05,74.2,Guntakal
KM_440,440,15.286954545454543,77.2131,2026-06-06,75.1,Guntakal
KM_440,440,15.286954545454543,77.2131,2026-06-07,56.0,Guntakal
KM_440,440,15.286954545454543,77.2131,2026-06-08,63.7,Guntakal
KM_440,440,15.286954545454543,77.2131,2026-06-09,45.4,Guntakal
KM_450,450,15.347081818181818,77.15299999999999,2026-06-03,96.1,Guntakal
KM_450,450,15.347081818181818,77.15299999999999,2026-06-04,94.7,Guntakal
KM_450,450,15.347081818181818,77.15299999999999,2026-06-05,92.2,Guntakal
KM_450,450,15.347081818181818,77.15299999999999,2026-06-06,94.6,Guntakal
KM_450,450,15.347081818181818,77.15299999999999,2026-06-07,93.4,Guntakal
KM_450,450,15.347081818181818,77.15299999999999,2026-06-08,95.7,Guntakal
KM_450,450,15.347081818181818,77.15299999999999,2026-06-09,94.9,Guntakal
KM_460,460,15.407209090909092,77.0929,2026-06-03,71.4,Guntakal
KM_460,460,15.407209090909092,77.0929,2026-06-04,71.8,Guntakal
KM_460,460,15.407209090909092,77.0929,2026-06-05,69.7,Guntakal
KM_460,460,15.407209090909092,77.0929,2026-06-06,72.7,Guntakal
KM_460,460,15.407209090909092,77.0929,2026-06-07,70.7,Guntakal
KM_460,460,15.407209090909092,77.0929,2026-06-08,70.8,Guntakal
KM_460,460,15.407209090909092,77.0929,2026-06-09,69.1,Guntakal
KM_470,470,15.467336363636363,77.0328,2026-06-03,90.8,Guntakal
KM_470,470,15.467336363636363,77.0328,2026-06-04,91.4,Guntakal
KM_470,470,15.467336363636363,77.0328,2026-06-05,90.5,Guntakal
KM_470,470,15.467336363636363,77.0328,2026-06-06,95.5,Guntakal
KM_470,470,15.467336363636363,77.0328,2026-06-07,94.7,Guntakal
KM_470,470,15.467336363636363,77.0328,2026-06-08,93.8,Guntakal
KM_470,470,15.467336363636363,77.0328,2026-06-09,94.5,Guntakal
KM_480,480,15.527463636363636,76.9727,2026-06-03,96.2,Guntakal
KM_480,480,15.527463636363636,76.9727,2026-06-04,100.0,Guntakal
KM_480,480,15.527463636363636,76.9727,2026-06-05,96.9,Guntakal
KM_480,480,15.527463636363636,76.9727,2026-06-06,97.5,Guntakal
KM_480,480,15.527463636363636,76.9727,2026-06-07,100.0,Guntakal
KM_480,480,15.527463636363636,76.9727,2026-06-08,96.3,Guntakal
KM_480,480,15.527463636363636,76.9727,2026-06-09,99.1,Guntakal
KM_490,490,15.587590909090908,76.9126,2026-06-03,88.5,Guntakal
KM_490,490,15.587590909090908,76.9126,2026-06-04,85.6,Guntakal
KM_490,490,15.587590909090908,76.9126,2026-06-05,85.0,Guntakal
KM_490,490,15.587590909090908,76.9126,2026-06-06,87.6,Guntakal
KM_490,490,15.587590909090908,76.9126,2026-06-07,88.7,Guntakal
KM_490,490,15.587590909090908,76.9126,2026-06-08,88.6,Guntakal
KM_490,490,15.587590909090908,76.9126,2026-06-09,84.5,Guntakal
KM_500,500,15.64771818181818,76.8525,2026-06-03,79.5,Guntakal
KM_500,500,15.64771818181818,76.8525,2026-06-04,84.5,Guntakal
KM_500,500,15.64771818181818,76.8525,2026-06-05,82.1,Guntakal
KM_500,500,15.64771818181818,76.8525,2026-06-06,79.8,Guntakal
KM_500,500,15.64771818181818,76.8525,2026-06-07,80.4,Guntakal
KM_500,500,15.64771818181818,76.8525,2026-06-08,84.1,Guntakal
KM_500,500,15.64771818181818,76.8525,2026-06-09,82.9,Guntakal
KM_510,510,15.707845454545454,76.7924,2026-06-03,91.0,Guntakal
KM_510,510,15.707845454545454,76.7924,2026-06-04,90.8,Guntakal
KM_510,510,15.707845454545454,76.7924,2026-06-05,93.6,Guntakal
KM_510,510,15.707845454545454,76.7924,2026-06-06,90.9,Guntakal
KM_510,510,15.707845454545454,76.7924,2026-06-07,92.5,Guntakal
KM_510,510,15.707845454545454,76.7924,2026-06-08,89.0,Guntakal
KM_510,510,15.707845454545454,76.7924,2026-06-09,92.0,Guntakal
KM_520,520,15.767972727272726,76.73230000000001,2026-06-03,93.3,Guntakal
KM_520,520,15.767972727272726,76.73230000000001,2026-06-04,95.6,Guntakal
KM_520,520,15.767972727272726,76.73230000000001,2026-06-05,94.6,Guntakal
KM_520,520,15.767972727272726,76.73230000000001,2026-06-06,95.8,Guntakal
KM_520,520,15.767972727272726,76.73230000000001,2026-06-07,94.1,Guntakal
KM_520,520,15.767972727272726,76.73230000000001,2026-06-08,94.2,Guntakal
KM_520,520,15.767972727272726,76.73230000000001,2026-06-09,92.6,Guntakal
KM_530,530,15.8281,76.6722,2026-06-03,92.7,Hospet
KM_530,530,15.8281,76.6722,2026-06-04,90.0,Hospet
KM_530,530,15.8281,76.6722,2026-06-05,92.2,Hospet
KM_530,530,15.8281,76.6722,2026-06-06,91.0,Hospet
KM_530,530,15.8281,76.6722,2026-06-07,93.3,Hospet
KM_530,530,15.8281,76.6722,2026-06-08,93.5,Hospet
KM_530,530,15.8281,76.6722,2026-06-09,92.0,Hospet
KM_540,540,15.939788888888888,76.59751111111112,2026-06-03,81.1,Hospet
KM_540,540,15.939788888888888,76.59751111111112,2026-06-04,84.6,Hospet
KM_540,540,15.939788888888888,76.59751111111112,2026-06-05,83.3,Hospet
KM_540,540,15.939788888888888,76.59751111111112,2026-06-06,80.7,Hospet
KM_540,540,15.939788888888888,76.59751111111112,2026-06-07,80.9,Hospet
KM_540,540,15.939788888888888,76.59751111111112,2026-06-08,84.8,Hospet
KM_540,540,15.939788888888888,76.59751111111112,2026-06-09,80.3,Hospet
KM_550,550,16.051477777777777,76.52282222222223,2026-06-03,79.8,Hospet
KM_550,550,16.051477777777777,76.52282222222223,2026-06-04,83.9,Hospet
KM_550,550,16.051477777777777,76.52282222222223,2026-06-05,82.7,Hospet
KM_550,550,16.051477777777777,76.52282222222223,2026-06-06,80.3,Hospet
KM_550,550,16.051477777777777,76.52282222222223,2026-06-07,82.7,Hospet
KM_550,550,16.051477777777777,76.52282222222223,2026-06-08,81.7,Hospet
KM_550,550,16.051477777777777,76.52282222222223,2026-06-09,80.3,Hospet
KM_560,560,16.163166666666665,76.44813333333333,2026-06-03,99.7,Hospet
KM_560,560,16.163166666666665,76.44813333333333,2026-06-04,99.7,Hospet
KM_560,560,16.163166666666665,76.44813333333333,2026-06-05,96.3,Hospet
KM_560,560,16.163166666666665,76.44813333333333,2026-06-06,99.9,Hospet
KM_560,560,16.163166666666665,76.44813333333333,2026-06-07,96.2,Hospet
KM_560,560,16.163166666666665,76.44813333333333,2026-06-08,97.5,Hospet
KM_560,560,16.163166666666665,76.44813333333333,2026-06-09,97.6,Hospet
KM_570,570,16.274855555555554,76.37344444444444,2026-06-03,93.0,Hospet
KM_570,570,16.274855555555554,76.37344444444444,2026-06-04,85.3,Hospet
KM_570,570,16.274855555555554,76.37344444444444,2026-06-05,82.7,Hospet
KM_570,570,16.274855555555554,76.37344444444444,2026-06-06,74.2,Hospet
KM_570,570,16.274855555555554,76.37344444444444,2026-06-07,75.3,Hospet
KM_570,570,16.274855555555554,76.37344444444444,2026-06-08,55.4,Hospet
KM_570,570,16.274855555555554,76.37344444444444,2026-06-09,54.9,Hospet
KM_580,580,16.386544444444446,76.29875555555556,2026-06-03,79.0,Hospet
KM_580,580,16.386544444444446,76.29875555555556,2026-06-04,70.5,Hospet
KM_580,580,16.386544444444446,76.29875555555556,2026-06-05,68.5,Hospet
KM_580,580,16.386544444444446,76.29875555555556,2026-06-06,67.2,Hospet
KM_580,580,16.386544444444446,76.29875555555556,2026-06-07,58.3,Hospet
KM_580,580,16.386544444444446,76.29875555555556,2026-06-08,61.9,Hospet
KM_580,580,16.386544444444446,76.29875555555556,2026-06-09,39.0,Hospet
KM_590,590,16.498233333333335,76.22406666666667,2026-06-03,95.9,Hospet
KM_590,590,16.498233333333335,76.22406666666667,2026-06-04,95.7,Hospet
KM_590,590,16.498233333333335,76.22406666666667,2026-06-05,95.8,Hospet
KM_590,590,16.498233333333335,76.22406666666667,2026-06-06,93.8,Hospet
KM_590,590,16.498233333333335,76.22406666666667,2026-06-07,94.2,Hospet
KM_590,590,16.498233333333335,76.22406666666667,2026-06-08,92.5,Hospet
KM_590,590,16.498233333333335,76.22406666666667,2026-06-09,92.4,Hospet
KM_600,600,16.609922222222224,76.14937777777777,2026-06-03,94.3,Hospet
KM_600,600,16.609922222222224,76.14937777777777,2026-06-04,94.3,Hospet
KM_600,600,16.609922222222224,76.14937777777777,2026-06-05,89.8,Hospet
KM_600,600,16.609922222222224,76.14937777777777,2026-06-06,91.3,Hospet
KM_600,600,16.609922222222224,76.14937777777777,2026-06-07,90.0,Hospet
KM_600,600,16.609922222222224,76.14937777777777,2026-06-08,92.5,Hospet
KM_600,600,16.609922222222224,76.14937777777777,2026-06-09,92.6,Hospet
KM_610,610,16.721611111111113,76.07468888888889,2026-06-03,98.5,Hospet
KM_610,610,16.721611111111113,76.07468888888889,2026-06-04,94.2,Hospet
KM_610,610,16.721611111111113,76.07468888888889,2026-06-05,95.7,Hospet
KM_610,610,16.721611111111113,76.07468888888889,2026-06-06,99.5,Hospet
KM_610,610,16.721611111111113,76.07468888888889,2026-06-07,95.5,Hospet
KM_610,610,16.721611111111113,76.07468888888889,2026-06-08,96.0,Hospet
KM_610,610,16.721611111111113,76.07468888888889,2026-06-09,96.5,Hospet
KM_620,620,16.8333,76.0,2026-06-03,97.1,Gadag
KM_620,620,16.8333,76.0,2026-06-04,100.0,Gadag
KM_620,620,16.8333,76.0,2026-06-05,97.7,Gadag
KM_620,620,16.8333,76.0,2026-06-06,98.2,Gadag
KM_620,620,16.8333,76.0,2026-06-07,96.3,Gadag
KM_620,620,16.8333,76.0,2026-06-08,100.0,Gadag
KM_620,620,16.8333,76.0,2026-06-09,95.3,Gadag
KM_630,630,16.883300000000002,75.90167,2026-06-03,81.1,Gadag
KM_630,630,16.883300000000002,75.90167,2026-06-04,86.7,Gadag
KM_630,630,16.883300000000002,75.90167,2026-06-05,81.8,Gadag
KM_630,630,16.883300000000002,75.90167,2026-06-06,84.3,Gadag
KM_630,630,16.883300000000002,75.90167,2026-06-07,84.3,Gadag
KM_630,630,16.883300000000002,75.90167,2026-06-08,85.4,Gadag
KM_630,630,16.883300000000002,75.90167,2026-06-09,86.0,Gadag
KM_640,640,16.933300000000003,75.80334,2026-06-03,94.9,Gadag
KM_640,640,16.933300000000003,75.80334,2026-06-04,91.2,Gadag
KM_640,640,16.933300000000003,75.80334,2026-06-05,92.7,Gadag
KM_640,640,16.933300000000003,75.80334,2026-06-06,94.0,Gadag
KM_640,640,16.933300000000003,75.80334,2026-06-07,94.0,Gadag
KM_640,640,16.933300000000003,75.80334,2026-06-08,91.2,Gadag
KM_640,640,16.933300000000003,75.80334,2026-06-09,90.7,Gadag
KM_650,650,16.9833,75.70501,2026-06-03,94.6,Gadag
KM_650,650,16.9833,75.70501,2026-06-04,97.9,Gadag
KM_650,650,16.9833,75.70501,2026-06-05,92.2,Gadag
KM_650,650,16.9833,75.70501,2026-06-06,95.8,Gadag
KM_650,650,16.9833,75.70501,2026-06-07,93.8,Gadag
KM_650,650,16.9833,75.70501,2026-06-08,95.7,Gadag
KM_650,650,16.9833,75.70501,2026-06-09,95.2,Gadag
KM_660,660,17.0333,75.60668,2026-06-03,92.3,Gadag
KM_660,660,17.0333,75.60668,2026-06-04,92.1,Gadag
KM_660,660,17.0333,75.60668,2026-06-05,93.7,Gadag
KM_660,660,17.0333,75.60668,2026-06-06,94.3,Gadag
KM_660,660,17.0333,75.60668,2026-06-07,95.3,Gadag
KM_660,660,17.0333,75.60668,2026-06-08,92.6,Gadag
KM_660,660,17.0333,75.60668,2026-06-09,94.1,Gadag
KM_670,670,17.0833,75.50835000000001,2026-06-03,94.0,Gadag
KM_670,670,17.0833,75.50835000000001,2026-06-04,90.5,Gadag
KM_670,670,17.0833,75.50835000000001,2026-06-05,80.3,Gadag
KM_670,670,17.0833,75.50835000000001,2026-06-06,76.7,Gadag
KM_670,670,17.0833,75.50835000000001,2026-06-07,71.7,Gadag
KM_670,670,17.0833,75.50835000000001,2026-06-08,64.9,Gadag
KM_670,670,17.0833,75.50835000000001,2026-06-09,49.8,Gadag
KM_680,680,17.133300000000002,75.41002,2026-06-03,88.6,Gadag
KM_680,680,17.133300000000002,75.41002,2026-06-04,87.3,Gadag
KM_680,680,17.133300000000002,75.41002,2026-06-05,89.2,Gadag
KM_680,680,17.133300000000002,75.41002,2026-06-06,92.0,Gadag
KM_680,680,17.133300000000002,75.41002,2026-06-07,91.2,Gadag
KM_680,680,17.133300000000002,75.41002,2026-06-08,87.4,Gadag
KM_680,680,17.133300000000002,75.41002,2026-06-09,92.2,Gadag
KM_690,690,17.183300000000003,75.31169,2026-06-03,91.6,Gadag
KM_690,690,17.183300000000003,75.31169,2026-06-04,88.5,Gadag
KM_690,690,17.183300000000003,75.31169,2026-06-05,92.4,Gadag
KM_690,690,17.183300000000003,75.31169,2026-06-06,88.6,Gadag
KM_690,690,17.183300000000003,75.31169,2026-06-07,90.3,Gadag
KM_690,690,17.183300000000003,75.31169,2026-06-08,89.9,Gadag
KM_690,690,17.183300000000003,75.31169,2026-06-09,89.7,Gadag
KM_700,700,17.2333,75.21336,2026-06-03,77.6,Gadag
KM_700,700,17.2333,75.21336,2026-06-04,79.9,Gadag
KM_700,700,17.2333,75.21336,2026-06-05,81.1,Gadag
KM_700,700,17.2333,75.21336,2026-06-06,79.8,Gadag
KM_700,700,17.2333,75.21336,2026-06-07,78.6,Gadag
KM_700,700,17.2333,75.21336,2026-06-08,76.4,Gadag
KM_700,700,17.2333,75.21336,2026-06-09,76.1,Gadag
KM_710,710,17.2833,75.11503,2026-06-03,98.5,Gadag
KM_710,710,17.2833,75.11503,2026-06-04,96.8,Gadag
KM_710,710,17.2833,75.11503,2026-06-05,94.7,Gadag
KM_710,710,17.2833,75.11503,2026-06-06,98.5,Gadag
KM_710,710,17.2833,75.11503,2026-06-07,100.0,Gadag
KM_710,710,17.2833,75.11503,2026-06-08,94.1,Gadag
KM_710,710,17.2833,75.11503,2026-06-09,95.2,Gadag
KM_720,720,17.3333,75.0167,2026-06-03,88.2,Solapur
KM_720,720,17.3333,75.0167,2026-06-04,87.9,Solapur
KM_720,720,17.3333,75.0167,2026-06-05,89.7,Solapur
KM_720,720,17.3333,75.0167,2026-06-06,90.3,Solapur
KM_720,720,17.3333,75.0167,2026-06-07,90.0,Solapur
KM_720,720,17.3333,75.0167,2026-06-08,87.7,Solapur
KM_720,720,17.3333,75.0167,2026-06-09,90.9,Solapur
KM_730,730,17.384584615384618,74.93849230769231,2026-06-03,81.9,Solapur
KM_730,730,17.384584615384618,74.93849230769231,2026-06-04,80.8,Solapur
KM_730,730,17.384584615384618,74.93849230769231,2026-06-05,85.0,Solapur
KM_730,730,17.384584615384618,74.93849230769231,2026-06-06,83.7,Solapur
KM_730,730,17.384584615384618,74.93849230769231,2026-06-07,84.6,Solapur
KM_730,730,17.384584615384618,74.93849230769231,2026-06-08,81.5,Solapur
KM_730,730,17.384584615384618,74.93849230769231,2026-06-09,84.3,Solapur
KM_740,740,17.43586923076923,74.86028461538461,2026-06-03,75.4,Solapur
KM_740,740,17.43586923076923,74.86028461538461,2026-06-04,75.6,Solapur
KM_740,740,17.43586923076923,74.86028461538461,2026-06-05,78.6,Solapur
KM_740,740,17.43586923076923,74.86028461538461,2026-06-06,77.3,Solapur
KM_740,740,17.43586923076923,74.86028461538461,2026-06-07,75.0,Solapur
KM_740,740,17.43586923076923,74.86028461538461,2026-06-08,77.8,Solapur
KM_740,740,17.43586923076923,74.86028461538461,2026-06-09,77.7,Solapur
KM_750,750,17.48715384615385,74.78207692307693,2026-06-03,79.8,Solapur
KM_750,750,17.48715384615385,74.78207692307693,2026-06-04,78.4,Solapur
KM_750,750,17.48715384615385,74.78207692307693,2026-06-05,83.8,Solapur
KM_750,750,17.48715384615385,74.78207692307693,2026-06-06,82.8,Solapur
KM_750,750,17.48715384615385,74.78207692307693,2026-06-07,80.7,Solapur
KM_750,750,17.48715384615385,74.78207692307693,2026-06-08,78.5,Solapur
KM_750,750,17.48715384615385,74.78207692307693,2026-06-09,79.9,Solapur
KM_760,760,17.538438461538462,74.70386923076923,2026-06-03,80.8,Solapur
KM_760,760,17.538438461538462,74.70386923076923,2026-06-04,85.6,Solapur
KM_760,760,17.538438461538462,74.70386923076923,2026-06-05,82.4,Solapur
KM_760,760,17.538438461538462,74.70386923076923,2026-06-06,84.2,Solapur
KM_760,760,17.538438461538462,74.70386923076923,2026-06-07,85.2,Solapur
KM_760,760,17.538438461538462,74.70386923076923,2026-06-08,83.5,Solapur
KM_760,760,17.538438461538462,74.70386923076923,2026-06-09,85.3,Solapur
KM_770,770,17.58972307692308,74.62566153846154,2026-06-03,96.9,Solapur
KM_770,770,17.58972307692308,74.62566153846154,2026-06-04,100.0,Solapur
KM_770,770,17.58972307692308,74.62566153846154,2026-06-05,99.4,Solapur
KM_770,770,17.58972307692308,74.62566153846154,2026-06-06,95.8,Solapur
KM_770,770,17.58972307692308,74.62566153846154,2026-06-07,100.0,Solapur
KM_770,770,17.58972307692308,74.62566153846154,2026-06-08,96.5,Solapur
KM_770,770,17.58972307692308,74.62566153846154,2026-06-09,97.3,Solapur
KM_780,780,17.641007692307692,74.54745384615384,2026-06-03,78.9,Solapur
KM_780,780,17.641007692307692,74.54745384615384,2026-06-04,78.9,Solapur
KM_780,780,17.641007692307692,74.54745384615384,2026-06-05,79.4,Solapur
KM_780,780,17.641007692307692,74.54745384615384,2026-06-06,75.4,Solapur
KM_780,780,17.641007692307692,74.54745384615384,2026-06-07,78.1,Solapur
KM_780,780,17.641007692307692,74.54745384615384,2026-06-08,76.5,Solapur
KM_780,780,17.641007692307692,74.54745384615384,2026-06-09,79.5,Solapur
KM_790,790,17.69229230769231,74.46924615384616,2026-06-03,86.0,Solapur
KM_790,790,17.69229230769231,74.46924615384616,2026-06-04,81.6,Solapur
KM_790,790,17.69229230769231,74.46924615384616,2026-06-05,75.6,Solapur
KM_790,790,17.69229230769231,74.46924615384616,2026-06-06,68.8,Solapur
KM_790,790,17.69229230769231,74.46924615384616,2026-06-07,65.2,Solapur
KM_790,790,17.69229230769231,74.46924615384616,2026-06-08,60.5,Solapur
KM_790,790,17.69229230769231,74.46924615384616,2026-06-09,58.9,Solapur
KM_800,800,17.743576923076922,74.39103846153846,2026-06-03,87.7,Solapur
KM_800,800,17.743576923076922,74.39103846153846,2026-06-04,86.8,Solapur
KM_800,800,17.743576923076922,74.39103846153846,2026-06-05,90.7,Solapur
KM_800,800,17.743576923076922,74.39103846153846,2026-06-06,89.8,Solapur
KM_800,800,17.743576923076922,74.39103846153846,2026-06-07,90.2,Solapur
KM_800,800,17.743576923076922,74.39103846153846,2026-06-08,89.2,Solapur
KM_800,800,17.743576923076922,74.39103846153846,2026-06-09,89.7,Solapur
KM_810,810,17.79486153846154,74.31283076923077,2026-06-03,95.9,Solapur
KM_810,810,17.79486153846154,74.31283076923077,2026-06-04,94.5,Solapur
KM_810,810,17.79486153846154,74.31283076923077,2026-06-05,97.7,Solapur
KM_810,810,17.79486153846154,74.31283076923077,2026-06-06,97.4,Solapur
KM_810,810,17.79486153846154,74.31283076923077,2026-06-07,95.9,Solapur
KM_810,810,17.79486153846154,74.31283076923077,2026-06-08,99.3,Solapur
KM_810,810,17.79486153846154,74.31283076923077,2026-06-09,97.1,Solapur
KM_820,820,17.846146153846153,74.23462307692307,2026-06-03,75.7,Solapur
KM_820,820,17.846146153846153,74.23462307692307,2026-06-04,76.3,Solapur
KM_820,820,17.846146153846153,74.23462307692307,2026-06-05,77.8,Solapur
KM_820,820,17.846146153846153,74.23462307692307,2026-06-06,78.2,Solapur
KM_820,820,17.846146153846153,74.23462307692307,2026-06-07,80.1,Solapur
KM_820,820,17.846146153846153,74.23462307692307,2026-06-08,78.5,Solapur
KM_820,820,17.846146153846153,74.23462307692307,2026-06-09,75.3,Solapur
KM_830,830,17.89743076923077,74.15641538461539,2026-06-03,74.0,Solapur
KM_830,830,17.89743076923077,74.15641538461539,2026-06-04,74.9,Solapur
KM_830,830,17.89743076923077,74.15641538461539,2026-06-05,71.8,Solapur
KM_830,830,17.89743076923077,74.15641538461539,2026-06-06,71.1,Solapur
KM_830,830,17.89743076923077,74.15641538461539,2026-06-07,71.9,Solapur
KM_830,830,17.89743076923077,74.15641538461539,2026-06-08,75.2,Solapur
KM_830,830,17.89743076923077,74.15641538461539,2026-06-09,73.1,Solapur
KM_840,840,17.948715384615383,74.07820769230769,2026-06-03,78.2,Solapur
KM_840,840,17.948715384615383,74.07820769230769,2026-06-04,81.9,Solapur
KM_840,840,17.948715384615383,74.07820769230769,2026-06-05,82.9,Solapur
KM_840,840,17.948715384615383,74.07820769230769,2026-06-06,79.9,Solapur
KM_840,840,17.948715384615383,74.07820769230769,2026-06-07,77.2,Solapur
KM_840,840,17.948715384615383,74.07820769230769,2026-06-08,81.5,Solapur
KM_840,840,17.948715384615383,74.07820769230769,2026-06-09,80.2,Solapur
KM_850,850,18.0,74.0,2026-06-03,72.0,Kurduwadi
KM_850,850,18.0,74.0,2026-06-04,67.4,Kurduwadi
KM_850,850,18.0,74.0,2026-06-05,56.7,Kurduwadi
KM_850,850,18.0,74.0,2026-06-06,49.2,Kurduwadi
KM_850,850,18.0,74.0,2026-06-07,57.1,Kurduwadi
KM_850,850,18.0,74.0,2026-06-08,50.9,Kurduwadi
KM_850,850,18.0,74.0,2026-06-09,26.8,Kurduwadi
KM_860,860,18.05167,73.98553,2026-06-03,83.9,Kurduwadi
KM_860,860,18.05167,73.98553,2026-06-04,81.3,Kurduwadi
KM_860,860,18.05167,73.98553,2026-06-05,80.2,Kurduwadi
KM_860,860,18.05167,73.98553,2026-06-06,82.6,Kurduwadi
KM_860,860,18.05167,73.98553,2026-06-07,80.7,Kurduwadi
KM_860,860,18.05167,73.98553,2026-06-08,80.9,Kurduwadi
KM_860,860,18.05167,73.98553,2026-06-09,83.5,Kurduwadi
KM_870,870,18.10334,73.97106,2026-06-03,91.1,Kurduwadi
KM_870,870,18.10334,73.97106,2026-06-04,88.8,Kurduwadi
KM_870,870,18.10334,73.97106,2026-06-05,91.9,Kurduwadi
KM_870,870,18.10334,73.97106,2026-06-06,88.7,Kurduwadi
KM_870,870,18.10334,73.97106,2026-06-07,93.7,Kurduwadi
KM_870,870,18.10334,73.97106,2026-06-08,89.2,Kurduwadi
KM_870,870,18.10334,73.97106,2026-06-09,92.5,Kurduwadi
KM_880,880,18.15501,73.95659,2026-06-03,80.2,Kurduwadi
KM_880,880,18.15501,73.95659,2026-06-04,81.8,Kurduwadi
KM_880,880,18.15501,73.95659,2026-06-05,80.3,Kurduwadi
KM_880,880,18.15501,73.95659,2026-06-06,81.4,Kurduwadi
KM_880,880,18.15501,73.95659,2026-06-07,81.5,Kurduwadi
KM_880,880,18.15501,73.95659,2026-06-08,80.4,Kurduwadi
KM_880,880,18.15501,73.95659,2026-06-09,79.5,Kurduwadi
KM_890,890,18.20668,73.94212,2026-06-03,89.3,Kurduwadi
KM_890,890,18.20668,73.94212,2026-06-04,89.8,Kurduwadi
KM_890,890,18.20668,73.94212,2026-06-05,90.1,Kurduwadi
KM_890,890,18.20668,73.94212,2026-06-06,87.4,Kurduwadi
KM_890,890,18.20668,73.94212,2026-06-07,86.8,Kurduwadi
KM_890,890,18.20668,73.94212,2026-06-08,86.6,Kurduwadi
KM_890,890,18.20668,73.94212,2026-06-09,87.5,Kurduwadi
KM_900,900,18.25835,73.92765,2026-06-03,93.0,Kurduwadi
KM_900,900,18.25835,73.92765,2026-06-04,93.7,Kurduwadi
KM_900,900,18.25835,73.92765,2026-06-05,94.2,Kurduwadi
KM_900,900,18.25835,73.92765,2026-06-06,93.9,Kurduwadi
KM_900,900,18.25835,73.92765,2026-06-07,95.6,Kurduwadi
KM_900,900,18.25835,73.92765,2026-06-08,93.9,Kurduwadi
KM_900,900,18.25835,73.92765,2026-06-09,95.1,Kurduwadi
KM_910,910,18.31002,73.91318,2026-06-03,87.6,Kurduwadi
KM_910,910,18.31002,73.91318,2026-06-04,88.0,Kurduwadi
KM_910,910,18.31002,73.91318,2026-06-05,85.3,Kurduwadi
KM_910,910,18.31002,73.91318,2026-06-06,86.1,Kurduwadi
KM_910,910,18.31002,73.91318,2026-06-07,90.1,Kurduwadi
KM_910,910,18.31002,73.91318,2026-06-08,86.6,Kurduwadi
KM_910,910,18.31002,73.91318,2026-06-09,86.3,Kurduwadi
KM_920,920,18.36169,73.89871,2026-06-03,71.0,Kurduwadi
KM_920,920,18.36169,73.89871,2026-06-04,67.7,Kurduwadi
KM_920,920,18.36169,73.89871,2026-06-05,69.8,Kurduwadi
KM_920,920,18.36169,73.89871,2026-06-06,70.2,Kurduwadi
KM_920,920,18.36169,73.89871,2026-06-07,71.4,Kurduwadi
KM_920,920,18.36169,73.89871,2026-06-08,68.2,Kurduwadi
KM_920,920,18.36169,73.89871,2026-06-09,72.0,Kurduwadi
KM_930,930,18.41336,73.88424,2026-06-03,86.2,Kurduwadi
KM_930,930,18.41336,73.88424,2026-06-04,87.0,Kurduwadi
KM_930,930,18.41336,73.88424,2026-06-05,87.0,Kurduwadi
KM_930,930,18.41336,73.88424,2026-06-06,85.7,Kurduwadi
KM_930,930,18.41336,73.88424,2026-06-07,87.9,Kurduwadi
KM_930,930,18.41336,73.88424,2026-06-08,89.0,Kurduwadi
KM_930,930,18.41336,73.88424,2026-06-09,86.0,Kurduwadi
KM_940,940,18.46503,73.86977,2026-06-03,96.4,Kurduwadi
KM_940,940,18.46503,73.86977,2026-06-04,95.0,Kurduwadi
KM_940,940,18.46503,73.86977,2026-06-05,96.4,Kurduwadi
KM_940,940,18.46503,73.86977,2026-06-06,98.0,Kurduwadi
KM_940,940,18.46503,73.86977,2026-06-07,97.8,Kurduwadi
KM_940,940,18.46503,73.86977,2026-06-08,95.3,Kurduwadi
KM_940,940,18.46503,73.86977,2026-06-09,99.2,Kurduwadi
KM_950,950,18.5167,73.8553,2026-06-03,89.2,Pune
KM_950,950,18.5167,73.8553,2026-06-04,87.2,Pune
KM_950,950,18.5167,73.8553,2026-06-05,89.3,Pune
KM_950,950,18.5167,73.8553,2026-06-06,90.1,Pune
KM_950,950,18.5167,73.8553,2026-06-07,92.2,Pune
KM_950,950,18.5167,73.8553,2026-06-08,88.1,Pune
KM_950,950,18.5167,73.8553,2026-06-09,92.4,Pune
KM_960,960,18.54892,73.83161333333334,2026-06-03,85.2,Pune
KM_960,960,18.54892,73.83161333333334,2026-06-04,80.6,Pune
KM_960,960,18.54892,73.83161333333334,2026-06-05,80.6,Pune
KM_960,960,18.54892,73.83161333333334,2026-06-06,85.2,Pune
KM_960,960,18.54892,73.83161333333334,2026-06-07,85.9,Pune
KM_960,960,18.54892,73.83161333333334,2026-06-08,82.9,Pune
KM_960,960,18.54892,73.83161333333334,2026-06-09,80.2,Pune
KM_970,970,18.58114,73.80792666666666,2026-06-03,71.8,Pune
KM_970,970,18.58114,73.80792666666666,2026-06-04,73.3,Pune
KM_970,970,18.58114,73.80792666666666,2026-06-05,75.4,Pune
KM_970,970,18.58114,73.80792666666666,2026-06-06,74.3,Pune
KM_970,970,18.58114,73.80792666666666,2026-06-07,72.3,Pune
KM_970,970,18.58114,73.80792666666666,2026-06-08,72.5,Pune
KM_970,970,18.58114,73.80792666666666,2026-06-09,72.9,Pune
KM_980,980,18.61336,73.78424,2026-06-03,94.1,Pune
KM_980,980,18.61336,73.78424,2026-06-04,99.6,Pune
KM_980,980,18.61336,73.78424,2026-06-05,98.0,Pune
KM_980,980,18.61336,73.78424,2026-06-06,95.3,Pune
KM_980,980,18.61336,73.78424,2026-06-07,95.9,Pune
KM_980,980,18.61336,73.78424,2026-06-08,99.4,Pune
KM_980,980,18.61336,73.78424,2026-06-09,97.2,Pune
KM_990,990,18.64558,73.76055333333333,2026-06-03,87.0,Pune
KM_990,990,18.64558,73.76055333333333,2026-06-04,80.1,Pune
KM_990,990,18.64558,73.76055333333333,2026-06-05,70.8,Pune
KM_990,990,18.64558,73.76055333333333,2026-06-06,64.3,Pune
KM_990,990,18.64558,73.76055333333333,2026-06-07,71.5,Pune
KM_990,990,18.64558,73.76055333333333,2026-06-08,45.7,Pune
KM_990,990,18.64558,73.76055333333333,2026-06-09,40.8,Pune
KM_1000,1000,18.6778,73.73686666666667,2026-06-03,97.5,Pune
KM_1000,1000,18.6778,73.73686666666667,2026-06-04,94.3,Pune
KM_1000,1000,18.6778,73.73686666666667,2026-06-05,98.1,Pune
KM_1000,1000,18.6778,73.73686666666667,2026-06-06,96.9,Pune
KM_1000,1000,18.6778,73.73686666666667,2026-06-07,96.1,Pune
KM_1000,1000,18.6778,73.73686666666667,2026-06-08,97.4,Pune
KM_1000,1000,18.6778,73.73686666666667,2026-06-09,96.5,Pune
KM_1010,1010,18.71002,73.71318,2026-06-03,87.0,Pune
KM_1010,1010,18.71002,73.71318,2026-06-04,80.9,Pune
KM_1010,1010,18.71002,73.71318,2026-06-05,78.2,Pune
KM_1010,1010,18.71002,73.71318,2026-06-06,71.2,Pune
KM_1010,1010,18.71002,73.71318,2026-06-07,58.2,Pune
KM_1010,1010,18.71002,73.71318,2026-06-08,43.8,Pune
KM_1010,1010,18.71002,73.71318,2026-06-09,46.2,Pune
KM_1020,1020,18.74224,73.68949333333333,2026-06-03,83.8,Pune
KM_1020,1020,18.74224,73.68949333333333,2026-06-04,81.3,Pune
KM_1020,1020,18.74224,73.68949333333333,2026-06-05,84.0,Pune
KM_1020,1020,18.74224,73.68949333333333,2026-06-06,79.5,Pune
KM_1020,1020,18.74224,73.68949333333333,2026-06-07,83.6,Pune
KM_1020,1020,18.74224,73.68949333333333,2026-06-08,81.7,Pune
KM_1020,1020,18.74224,73.68949333333333,2026-06-09,79.6,Pune
KM_1030,1030,18.77446,73.66580666666667,2026-06-03,72.8,Pune
KM_1030,1030,18.77446,73.66580666666667,2026-06-04,72.4,Pune
KM_1030,1030,18.77446,73.66580666666667,2026-06-05,73.7,Pune
KM_1030,1030,18.77446,73.66580666666667,2026-06-06,69.8,Pune
KM_1030,1030,18.77446,73.66580666666667,2026-06-07,68.4,Pune
KM_1030,1030,18.77446,73.66580666666667,2026-06-08,68.7,Pune
KM_1030,1030,18.77446,73.66580666666667,2026-06-09,71.0,Pune
KM_1040,1040,18.80668,73.64212,2026-06-03,79.6,Pune
KM_1040,1040,18.80668,73.64212,2026-06-04,78.7,Pune
KM_1040,1040,18.80668,73.64212,2026-06-05,79.4,Pune
KM_1040,1040,18.80668,73.64212,2026-06-06,77.0,Pune
KM_1040,1040,18.80668,73.64212,2026-06-07,80.5,Pune
KM_1040,1040,18.80668,73.64212,2026-06-08,79.8,Pune
KM_1040,1040,18.80668,73.64212,2026-06-09,76.2,Pune
KM_1050,1050,18.8389,73.61843333333333,2026-06-03,74.0,Pune
KM_1050,1050,18.8389,73.61843333333333,2026-06-04,72.5,Pune
KM_1050,1050,18.8389,73.61843333333333,2026-06-05,73.8,Pune
KM_1050,1050,18.8389,73.61843333333333,2026-06-06,71.4,Pune
KM_1050,1050,18.8389,73.61843333333333,2026-06-07,71.4,Pune
KM_1050,1050,18.8389,73.61843333333333,2026-06-08,73.3,Pune
KM_1050,1050,18.8389,73.61843333333333,2026-06-09,75.3,Pune
KM_1060,1060,18.87112,73.59474666666667,2026-06-03,96.6,Pune
KM_1060,1060,18.87112,73.59474666666667,2026-06-04,98.9,Pune
KM_1060,1060,18.87112,73.59474666666667,2026-06-05,98.6,Pune
KM_1060,1060,18.87112,73.59474666666667,2026-06-06,94.3,Pune
KM_1060,1060,18.87112,73.59474666666667,2026-06-07,97.9,Pune
KM_1060,1060,18.87112,73.59474666666667,2026-06-08,96.0,Pune
KM_1060,1060,18.87112,73.59474666666667,2026-06-09,94.9,Pune
KM_1070,1070,18.90334,73.57106,2026-06-03,76.0,Pune
KM_1070,1070,18.90334,73.57106,2026-06-04,75.0,Pune
KM_1070,1070,18.90334,73.57106,2026-06-05,77.3,Pune
KM_1070,1070,18.90334,73.57106,2026-06-06,74.8,Pune
KM_1070,1070,18.90334,73.57106,2026-06-07,78.1,Pune
KM_1070,1070,18.90334,73.57106,2026-06-08,75.4,Pune
KM_1070,1070,18.90334,73.57106,2026-06-09,76.1,Pune
KM_1080,1080,18.93556,73.54737333333334,2026-06-03,72.0,Pune
KM_1080,1080,18.93556,73.54737333333334,2026-06-04,63.5,Pune
KM_1080,1080,18.93556,73.54737333333334,2026-06-05,58.8,Pune
KM_1080,1080,18.93556,73.54737333333334,2026-06-06,54.9,Pune
KM_1080,1080,18.93556,73.54737333333334,2026-06-07,40.6,Pune
KM_1080,1080,18.93556,73.54737333333334,2026-06-08,52.8,Pune
KM_1080,1080,18.93556,73.54737333333334,2026-06-09,52.6,Pune
KM_1090,1090,18.96778,73.52368666666666,2026-06-03,80.8,Pune
KM_1090,1090,18.96778,73.52368666666666,2026-06-04,77.3,Pune
KM_1090,1090,18.96778,73.52368666666666,2026-06-05,77.8,Pune
KM_1090,1090,18.96778,73.52368666666666,2026-06-06,80.7,Pune
KM_1090,1090,18.96778,73.52368666666666,2026-06-07,78.4,Pune
KM_1090,1090,18.96778,73.52368666666666,2026-06-08,78.2,Pune
KM_1090,1090,18.96778,73.52368666666666,2026-06-09,80.7,Pune
KM_1100,1100,19.0,73.5,2026-06-03,79.4,Karjat
KM_1100,1100,19.0,73.5,2026-06-04,79.0,Karjat
KM_1100,1100,19.0,73.5,2026-06-05,82.7,Karjat
KM_1100,1100,19.0,73.5,2026-06-06,84.3,Karjat
KM_1100,1100,19.0,73.5,2026-06-07,79.9,Karjat
KM_1100,1100,19.0,73.5,2026-06-08,79.6,Karjat
KM_1100,1100,19.0,73.5,2026-06-09,80.0,Karjat
KM_1110,1110,19.02183,73.44781,2026-06-03,78.3,Karjat
KM_1110,1110,19.02183,73.44781,2026-06-04,76.0,Karjat
KM_1110,1110,19.02183,73.44781,2026-06-05,80.4,Karjat
KM_1110,1110,19.02183,73.44781,2026-06-06,79.9,Karjat
KM_1110,1110,19.02183,73.44781,2026-06-07,75.9,Karjat
KM_1110,1110,19.02183,73.44781,2026-06-08,75.8,Karjat
KM_1110,1110,19.02183,73.44781,2026-06-09,75.5,Karjat
KM_1120,1120,19.04366,73.39562,2026-06-03,85.4,Karjat
KM_1120,1120,19.04366,73.39562,2026-06-04,84.7,Karjat
KM_1120,1120,19.04366,73.39562,2026-06-05,84.0,Karjat
KM_1120,1120,19.04366,73.39562,2026-06-06,83.3,Karjat
KM_1120,1120,19.04366,73.39562,2026-06-07,83.6,Karjat
KM_1120,1120,19.04366,73.39562,2026-06-08,84.9,Karjat
KM_1120,1120,19.04366,73.39562,2026-06-09,83.9,Karjat
KM_1130,1130,19.06549,73.34343,2026-06-03,85.1,Karjat
KM_1130,1130,19.06549,73.34343,2026-06-04,80.8,Karjat
KM_1130,1130,19.06549,73.34343,2026-06-05,83.0,Karjat
KM_1130,1130,19.06549,73.34343,2026-06-06,85.0,Karjat
KM_1130,1130,19.06549,73.34343,2026-06-07,84.3,Karjat
KM_1130,1130,19.06549,73.34343,2026-06-08,82.5,Karjat
KM_1130,1130,19.06549,73.34343,2026-06-09,81.8,Karjat
KM_1140,1140,19.08732,73.29124,2026-06-03,78.3,Karjat
KM_1140,1140,19.08732,73.29124,2026-06-04,78.4,Karjat
KM_1140,1140,19.08732,73.29124,2026-06-05,78.9,Karjat
KM_1140,1140,19.08732,73.29124,2026-06-06,81.8,Karjat
KM_1140,1140,19.08732,73.29124,2026-06-07,83.5,Karjat
KM_1140,1140,19.08732,73.29124,2026-06-08,83.2,Karjat
KM_1140,1140,19.08732,73.29124,2026-06-09,82.8,Karjat
KM_1150,1150,19.10915,73.23904999999999,2026-06-03,76.9,Karjat
KM_1150,1150,19.10915,73.23904999999999,2026-06-04,76.8,Karjat
KM_1150,1150,19.10915,73.23904999999999,2026-06-05,75.2,Karjat
KM_1150,1150,19.10915,73.23904999999999,2026-06-06,74.6,Karjat
KM_1150,1150,19.10915,73.23904999999999,2026-06-07,73.1,Karjat
KM_1150,1150,19.10915,73.23904999999999,2026-06-08,75.5,Karjat
KM_1150,1150,19.10915,73.23904999999999,2026-06-09,74.0,Karjat
KM_1160,1160,19.13098,73.18686,2026-06-03,93.4,Karjat
KM_1160,1160,19.13098,73.18686,2026-06-04,93.0,Karjat
KM_1160,1160,19.13098,73.18686,2026-06-05,92.2,Karjat
KM_1160,1160,19.13098,73.18686,2026-06-06,93.3,Karjat
KM_1160,1160,19.13098,73.18686,2026-06-07,93.2,Karjat
KM_1160,1160,19.13098,73.18686,2026-06-08,97.4,Karjat
KM_1160,1160,19.13098,73.18686,2026-06-09,95.0,Karjat
KM_1170,1170,19.15281,73.13467,2026-06-03,99.2,Karjat
KM_1170,1170,19.15281,73.13467,2026-06-04,99.0,Karjat
KM_1170,1170,19.15281,73.13467,2026-06-05,95.5,Karjat
KM_1170,1170,19.15281,73.13467,2026-06-06,97.3,Karjat
KM_1170,1170,19.15281,73.13467,2026-06-07,97.1,Karjat
KM_1170,1170,19.15281,73.13467,2026-06-08,94.3,Karjat
KM_1170,1170,19.15281,73.13467,2026-06-09,95.8,Karjat
KM_1180,1180,19.17464,73.08248,2026-06-03,67.6,Karjat
KM_1180,1180,19.17464,73.08248,2026-06-04,71.5,Karjat
KM_1180,1180,19.17464,73.08248,2026-06-05,71.7,Karjat
KM_1180,1180,19.17464,73.08248,2026-06-06,68.4,Karjat
KM_1180,1180,19.17464,73.08248,2026-06-07,72.7,Karjat
KM_1180,1180,19.17464,73.08248,2026-06-08,70.8,Karjat
KM_1180,1180,19.17464,73.08248,2026-06-09,67.2,Karjat
KM_1190,1190,19.19647,73.03029,2026-06-03,76.2,Karjat
KM_1190,1190,19.19647,73.03029,2026-06-04,76.8,Karjat
KM_1190,1190,19.19647,73.03029,2026-06-05,79.8,Karjat
KM_1190,1190,19.19647,73.03029,2026-06-06,78.0,Karjat
KM_1190,1190,19.19647,73.03029,2026-06-07,81.0,Karjat
KM_1190,1190,19.19647,73.03029,2026-06-08,80.9,Karjat
KM_1190,1190,19.19647,73.03029,2026-06-09,81.5,Karjat
KM_1200,1200,19.2183,72.9781,2026-06-03,98.9,Thane
KM_1200,1200,19.2183,72.9781,2026-06-04,99.3,Thane
KM_1200,1200,19.2183,72.9781,2026-06-05,98.9,Thane
KM_1200,1200,19.2183,72.9781,2026-06-06,97.9,Thane
KM_1200,1200,19.2183,72.9781,2026-06-07,99.8,Thane
KM_1200,1200,19.2183,72.9781,2026-06-08,96.7,Thane
KM_1200,1200,19.2183,72.9781,2026-06-09,95.1,Thane
KM_1210,1210,19.197971428571428,72.96375714285715,2026-06-03,80.5,Thane
KM_1210,1210,19.197971428571428,72.96375714285715,2026-06-04,80.8,Thane
KM_1210,1210,19.197971428571428,72.96375714285715,2026-06-05,82.9,Thane
KM_1210,1210,19.197971428571428,72.96375714285715,2026-06-06,79.7,Thane
KM_1210,1210,19.197971428571428,72.96375714285715,2026-06-07,81.3,Thane
KM_1210,1210,19.197971428571428,72.96375714285715,2026-06-08,80.1,Thane
KM_1210,1210,19.197971428571428,72.96375714285715,2026-06-09,79.9,Thane
KM_1220,1220,19.177642857142857,72.94941428571428,2026-06-03,71.5,Thane
KM_1220,1220,19.177642857142857,72.94941428571428,2026-06-04,70.7,Thane
KM_1220,1220,19.177642857142857,72.94941428571428,2026-06-05,68.7,Thane
KM_1220,1220,19.177642857142857,72.94941428571428,2026-06-06,68.8,Thane
KM_1220,1220,19.177642857142857,72.94941428571428,2026-06-07,69.2,Thane
KM_1220,1220,19.177642857142857,72.94941428571428,2026-06-08,69.0,Thane
KM_1220,1220,19.177642857142857,72.94941428571428,2026-06-09,70.5,Thane
KM_1230,1230,19.15731428571429,72.93507142857143,2026-06-03,80.3,Thane
KM_1230,1230,19.15731428571429,72.93507142857143,2026-06-04,82.1,Thane
KM_1230,1230,19.15731428571429,72.93507142857143,2026-06-05,80.0,Thane
KM_1230,1230,19.15731428571429,72.93507142857143,2026-06-06,78.8,Thane
KM_1230,1230,19.15731428571429,72.93507142857143,2026-06-07,82.3,Thane
KM_1230,1230,19.15731428571429,72.93507142857143,2026-06-08,81.3,Thane
KM_1230,1230,19.15731428571429,72.93507142857143,2026-06-09,80.1,Thane
KM_1240,1240,19.136985714285714,72.92072857142857,2026-06-03,74.6,Thane
KM_1240,1240,19.136985714285714,72.92072857142857,2026-06-04,73.5,Thane
KM_1240,1240,19.136985714285714,72.92072857142857,2026-06-05,73.3,Thane
KM_1240,1240,19.136985714285714,72.92072857142857,2026-06-06,71.3,Thane
KM_1240,1240,19.136985714285714,72.92072857142857,2026-06-07,74.8,Thane
KM_1240,1240,19.136985714285714,72.92072857142857,2026-06-08,71.2,Thane
KM_1240,1240,19.136985714285714,72.92072857142857,2026-06-09,72.1,Thane
KM_1250,1250,19.116657142857143,72.90638571428572,2026-06-03,99.6,Thane
KM_1250,1250,19.116657142857143,72.90638571428572,2026-06-04,95.9,Thane
KM_1250,1250,19.116657142857143,72.90638571428572,2026-06-05,98.7,Thane
KM_1250,1250,19.116657142857143,72.90638571428572,2026-06-06,95.0,Thane
KM_1250,1250,19.116657142857143,72.90638571428572,2026-06-07,94.4,Thane
KM_1250,1250,19.116657142857143,72.90638571428572,2026-06-08,99.7,Thane
KM_1250,1250,19.116657142857143,72.90638571428572,2026-06-09,98.7,Thane
KM_1260,1260,19.09632857142857,72.89204285714285,2026-06-03,78.0,Thane
KM_1260,1260,19.09632857142857,72.89204285714285,2026-06-04,69.6,Thane
KM_1260,1260,19.09632857142857,72.89204285714285,2026-06-05,62.7,Thane
KM_1260,1260,19.09632857142857,72.89204285714285,2026-06-06,62.5,Thane
KM_1260,1260,19.09632857142857,72.89204285714285,2026-06-07,62.2,Thane
KM_1260,1260,19.09632857142857,72.89204285714285,2026-06-08,47.4,Thane
KM_1260,1260,19.09632857142857,72.89204285714285,2026-06-09,58.7,Thane
